{
  "timestamp": "2025-07-17T11:35:45.473443",
  "list_ops": {
    "list_sort_ms": 0.5253000003904162,
    "list_comprehension_ms": 4.377499999918655,
    "data_size": 100000
  },
  "dict_ops": {
    "avg_lookup_microseconds": 0.20369999856484355,
    "min_lookup_microseconds": 0.09999985195463523,
    "max_lookup_microseconds": 26.6000001829525,
    "total_keys": 10000
  },
  "string_ops": {
    "string_format_ms": 0.06329999996523838,
    "string_join_ms": 0.01250000013897079,
    "strings_processed": 1000
  },
  "async_ops": {
    "sequential_execution_ms": 155.4842999998982,
    "concurrent_execution_ms": 16.122200000154407,
    "speedup_factor": 9.644111845679193,
    "tasks_executed": 10
  },
  "json_ops": {
    "json_serialize_ms": 1.1025999997400504,
    "json_deserialize_ms": 1.127099999848724,
    "json_size_bytes": 200233,
    "objects_serialized": 1000
  },
  "total_benchmark_time_ms": 187.4606000001222,
  "performance_score": 100
}